image,input names,sigma,psnr
1,noisy,0.01,32.12907241621576
1,deconv,0.01,28.930008838029448
1,neural,0.01,37.39217041643481
1,deconv_neural,0.01,37.79844965062605
1,Gaussian_filt,0.01,32.55881965872504
1,Median_filt,0.01,32.740707632802994
1,bilateral,0.01,31.91846021589955
